{"frame_index": 2, "skeleton": [{"pose": [124.4384771918867, 450.19997955567874, 69.99791935511996, 425.95724493445044, 144.45844095333723, 369.6743541080467, 32.24005253598011, 442.8066662379673, 224.16525487304938, 356.94503035823584, 88.41289817303482, 555.0609446627273, 296.9299336132149, 487.4128951872858, 75.61325830808835, 561.2627835340902, 335.72559477193977, 546.1149328911088, 134.6787253673408, 548.679764221012, 258.86093486578653, 478.34686379077687, 123.13024192364884, 545.4941286167627, 292.08527221142407, 522.2853766120895, 135.04539535654868, 548.2127645126051, 265.1980811259157, 540.1854305919746, 143.22298504313238, 553.0256333725313, 250.29616051852344, 543.3011340903084], "score": [0.9555346369743347, 0.9796227812767029, 0.9736016392707825, 0.4614807069301605, 0.9947336316108704, 0.0029619380366057158, 0.03682275861501694, 0.0008287656819447875, 0.003870191751047969, 0.0008837430505082011, 0.14195384085178375, 0.0009685379918664694, 0.014220371842384338, 0.001007933751679957, 0.008090089075267315, 0.00021002220455557108, 0.003076524706557393]}, {"pose": [164.68022484270864, 393.2815582459601, 115.51666207572589, 377.6907570645123, 144.45844095333723, 369.6743541080467, 28.683878724004217, 450.78555669343206, 224.16525487304938, 356.94503035823584, 140.28041027537296, 507.6918036884945, 301.7730508109694, 429.19238836952377, 140.0282151320091, 553.6874268376371, 345.296901242354, 499.1474458629216, 188.04645255873623, 549.8748708298988, 273.8548526879048, 476.37055318360353, 177.55400636162557, 542.9343803068042, 329.15780109514895, 543.3604188608211, 172.94213012046743, 548.0378075624615, 309.9838306304195, 520.0095151751574, 179.45247555738484, 554.238157061264, 285.512593244403, 543.5837312003736], "score": [0.0010180501267313957, 0.04967065900564194, 0.9736016392707825, 0.22544218599796295, 0.9947336316108704, 0.0012178189354017377, 0.2006847858428955, 0.0006056838319636881, 0.00419588154181838, 0.0032836366444826126, 0.10065224021673203, 0.003285357030108571, 0.006516090594232082, 0.0033953767269849777, 0.0028785744216293097, 0.0009440819267183542, 0.00183618173468858]}]}